INDEX=\
  chapters/SECTION/SECTION-PREFACE.md\
  chapters/version.md\
  chapters/preface/corrections.md\
  chapters/authors.md\
  chapters/preface/create.md\
  chapters/preface/reader.md\
  chapters/preface/notation.md\
  chapters/class/e222-syllabus.md\
  chapters/222-assignments.md\
  chapters/prg/SECTION-PYTHON.md\
  chapters/prg/python/python-intro.md\
  chapters/prg/python/python-install.md\
  chapters/prg/python/python-interactive.md\
  chapters/prg/python/python-editor.md\
  chapters/prg/python/python.md\
  chapters/prg/python/python-libraries.md\
  chapters/prg/python/python-data.md\
  chapters/prg/python/python-matplotlib.md\
  chapters/prg/python/python-docopts.md\
  chapters/prg/python/python-cmd5.md\
  chapters/prg/python/python-cmd.md\
  chapters/prg/python/opencv/opencv.md\
  chapters/prg/python/opencv/secchi.md\
  chapters/SECTION/SECTION-DATA.md\
  chapters/data/formats.md\
  chapters/data/mongodb.md\
  chapters/data/mongoengine.md\
  chapters/prg/python/python-wordcount.md\
  chapters/prg/python/numpy/numpy.md\
  chapters/prg/python/scipy/scipy.md\
  chapters/prg/python/scikit-learn/scikit-learn-k-means.md\
  chapters/prg/python/python-parallel.md\
  chapters/prg/python/random-forest/random-forest.md\
  chapters/SECTION/SECTION-DEVTOOLS.md\
  chapters/linux/refcards.md\
  chapters/cloud/virtualbox.md\
  chapters/cloud/vagrant.md\
  chapters/linux/linux.md\
  chapters/linux/ssh.md\
  chapters/linux/ssh-futuresystems.md\
  chapters/linux/ssh-excerise.md\
  chapters/git/github.md\
  chapters/git/gitpullreqest.md\
  chapters/class/222-a.md\
  chapters/rest/rest.md\
  chapters/rest/swagger.md\
  chapters/rest/swagger-spec.md\
  chapters/rest/swagger-introspection.md\
  chapters/rest/swagger-codegen.md\
  chapters/rest/rest-restful.md\
  chapters/rest/rest-eve.md\
  chapters/rest/rest-haetos.md\
  chapters/rest/rest-eve-extensions.md\
  chapters/rest/rest-django.md\
  chapters/prg/github.md\
  chapters/nist/bdra.md\
  chapters/ai/ai.md\
  chapters/SECTION/SECTION-FAQ.md\
  chapters/faq.md\
  chapters/SECTION/SECTION-INDEX.md\
  chapters/index.md\
  chapters/SECTION/SECTION-REFERENCES.md

chapterlist:  dest/chapters/SECTION/SECTION-PREFACE.md dest/chapters/version.md dest/chapters/preface/corrections.md dest/chapters/authors.md dest/chapters/preface/create.md dest/chapters/preface/reader.md dest/chapters/preface/notation.md dest/chapters/class/e222-syllabus.md dest/chapters/222-assignments.md dest/chapters/prg/SECTION-PYTHON.md dest/chapters/prg/python/python-intro.md dest/chapters/prg/python/python-install.md dest/chapters/prg/python/python-interactive.md dest/chapters/prg/python/python-editor.md dest/chapters/prg/python/python.md dest/chapters/prg/python/python-libraries.md dest/chapters/prg/python/python-data.md dest/chapters/prg/python/python-matplotlib.md dest/chapters/prg/python/python-docopts.md dest/chapters/prg/python/python-cmd5.md dest/chapters/prg/python/python-cmd.md dest/chapters/prg/python/opencv/opencv.md dest/chapters/prg/python/opencv/secchi.md dest/chapters/SECTION/SECTION-DATA.md dest/chapters/data/formats.md dest/chapters/data/mongodb.md dest/chapters/data/mongoengine.md dest/chapters/prg/python/python-wordcount.md dest/chapters/prg/python/numpy/numpy.md dest/chapters/prg/python/scipy/scipy.md dest/chapters/prg/python/scikit-learn/scikit-learn-k-means.md dest/chapters/prg/python/python-parallel.md dest/chapters/prg/python/random-forest/random-forest.md dest/chapters/SECTION/SECTION-DEVTOOLS.md dest/chapters/linux/refcards.md dest/chapters/cloud/virtualbox.md dest/chapters/cloud/vagrant.md dest/chapters/linux/linux.md dest/chapters/linux/ssh.md dest/chapters/linux/ssh-futuresystems.md dest/chapters/linux/ssh-excerise.md dest/chapters/git/github.md dest/chapters/git/gitpullreqest.md dest/chapters/class/222-a.md dest/chapters/rest/rest.md dest/chapters/rest/swagger.md dest/chapters/rest/swagger-spec.md dest/chapters/rest/swagger-introspection.md dest/chapters/rest/swagger-codegen.md dest/chapters/rest/rest-restful.md dest/chapters/rest/rest-eve.md dest/chapters/rest/rest-haetos.md dest/chapters/rest/rest-eve-extensions.md dest/chapters/rest/rest-django.md dest/chapters/prg/github.md dest/chapters/nist/bdra.md dest/chapters/ai/ai.md dest/chapters/SECTION/SECTION-FAQ.md dest/chapters/faq.md dest/chapters/SECTION/SECTION-INDEX.md dest/chapters/index.md dest/chapters/SECTION/SECTION-REFERENCES.md
	@echo "updated modified chapters"


dest/chapters/SECTION/SECTION-PREFACE.md: ../chapters/SECTION/SECTION-PREFACE.md
	../bin/markup-single.py ../chapters/SECTION/SECTION-PREFACE.md 1
	../bin/header.py dest/chapters/SECTION/SECTION-PREFACE.md 1

dest/chapters/version.md: ../chapters/version.md
	../bin/markup-single.py ../chapters/version.md 2
	../bin/header.py dest/chapters/version.md 2

dest/chapters/preface/corrections.md: ../chapters/preface/corrections.md
	../bin/markup-single.py ../chapters/preface/corrections.md 2
	../bin/header.py dest/chapters/preface/corrections.md 2

dest/chapters/authors.md: ../chapters/authors.md
	../bin/markup-single.py ../chapters/authors.md 2
	../bin/header.py dest/chapters/authors.md 2

dest/chapters/preface/create.md: ../chapters/preface/create.md
	../bin/markup-single.py ../chapters/preface/create.md 2
	../bin/header.py dest/chapters/preface/create.md 2

dest/chapters/preface/reader.md: ../chapters/preface/reader.md
	../bin/markup-single.py ../chapters/preface/reader.md 2
	../bin/header.py dest/chapters/preface/reader.md 2

dest/chapters/preface/notation.md: ../chapters/preface/notation.md
	../bin/markup-single.py ../chapters/preface/notation.md 2
	../bin/header.py dest/chapters/preface/notation.md 2

dest/chapters/class/e222-syllabus.md: ../chapters/class/e222-syllabus.md
	../bin/markup-single.py ../chapters/class/e222-syllabus.md 1
	../bin/header.py dest/chapters/class/e222-syllabus.md 1

dest/chapters/222-assignments.md: ../chapters/222-assignments.md
	../bin/markup-single.py ../chapters/222-assignments.md 2
	../bin/header.py dest/chapters/222-assignments.md 2

dest/chapters/prg/SECTION-PYTHON.md: ../chapters/prg/SECTION-PYTHON.md
	../bin/markup-single.py ../chapters/prg/SECTION-PYTHON.md 1
	../bin/header.py dest/chapters/prg/SECTION-PYTHON.md 1

dest/chapters/prg/python/python-intro.md: ../chapters/prg/python/python-intro.md
	../bin/markup-single.py ../chapters/prg/python/python-intro.md 2
	../bin/header.py dest/chapters/prg/python/python-intro.md 2

dest/chapters/prg/python/python-install.md: ../chapters/prg/python/python-install.md
	../bin/markup-single.py ../chapters/prg/python/python-install.md 2
	../bin/header.py dest/chapters/prg/python/python-install.md 2

dest/chapters/prg/python/python-interactive.md: ../chapters/prg/python/python-interactive.md
	../bin/markup-single.py ../chapters/prg/python/python-interactive.md 2
	../bin/header.py dest/chapters/prg/python/python-interactive.md 2

dest/chapters/prg/python/python-editor.md: ../chapters/prg/python/python-editor.md
	../bin/markup-single.py ../chapters/prg/python/python-editor.md 2
	../bin/header.py dest/chapters/prg/python/python-editor.md 2

dest/chapters/prg/python/python.md: ../chapters/prg/python/python.md
	../bin/markup-single.py ../chapters/prg/python/python.md 2
	../bin/header.py dest/chapters/prg/python/python.md 2

dest/chapters/prg/python/python-libraries.md: ../chapters/prg/python/python-libraries.md
	../bin/markup-single.py ../chapters/prg/python/python-libraries.md 2
	../bin/header.py dest/chapters/prg/python/python-libraries.md 2

dest/chapters/prg/python/python-data.md: ../chapters/prg/python/python-data.md
	../bin/markup-single.py ../chapters/prg/python/python-data.md 3
	../bin/header.py dest/chapters/prg/python/python-data.md 3

dest/chapters/prg/python/python-matplotlib.md: ../chapters/prg/python/python-matplotlib.md
	../bin/markup-single.py ../chapters/prg/python/python-matplotlib.md 3
	../bin/header.py dest/chapters/prg/python/python-matplotlib.md 3

dest/chapters/prg/python/python-docopts.md: ../chapters/prg/python/python-docopts.md
	../bin/markup-single.py ../chapters/prg/python/python-docopts.md 3
	../bin/header.py dest/chapters/prg/python/python-docopts.md 3

dest/chapters/prg/python/python-cmd5.md: ../chapters/prg/python/python-cmd5.md
	../bin/markup-single.py ../chapters/prg/python/python-cmd5.md 3
	../bin/header.py dest/chapters/prg/python/python-cmd5.md 3

dest/chapters/prg/python/python-cmd.md: ../chapters/prg/python/python-cmd.md
	../bin/markup-single.py ../chapters/prg/python/python-cmd.md 3
	../bin/header.py dest/chapters/prg/python/python-cmd.md 3

dest/chapters/prg/python/opencv/opencv.md: ../chapters/prg/python/opencv/opencv.md
	../bin/markup-single.py ../chapters/prg/python/opencv/opencv.md 3
	../bin/header.py dest/chapters/prg/python/opencv/opencv.md 3

dest/chapters/prg/python/opencv/secchi.md: ../chapters/prg/python/opencv/secchi.md
	../bin/markup-single.py ../chapters/prg/python/opencv/secchi.md 3
	../bin/header.py dest/chapters/prg/python/opencv/secchi.md 3

dest/chapters/SECTION/SECTION-DATA.md: ../chapters/SECTION/SECTION-DATA.md
	../bin/markup-single.py ../chapters/SECTION/SECTION-DATA.md 3
	../bin/header.py dest/chapters/SECTION/SECTION-DATA.md 3

dest/chapters/data/formats.md: ../chapters/data/formats.md
	../bin/markup-single.py ../chapters/data/formats.md 4
	../bin/header.py dest/chapters/data/formats.md 4

dest/chapters/data/mongodb.md: ../chapters/data/mongodb.md
	../bin/markup-single.py ../chapters/data/mongodb.md 4
	../bin/header.py dest/chapters/data/mongodb.md 4

dest/chapters/data/mongoengine.md: ../chapters/data/mongoengine.md
	../bin/markup-single.py ../chapters/data/mongoengine.md 4
	../bin/header.py dest/chapters/data/mongoengine.md 4

dest/chapters/prg/python/python-wordcount.md: ../chapters/prg/python/python-wordcount.md
	../bin/markup-single.py ../chapters/prg/python/python-wordcount.md 2
	../bin/header.py dest/chapters/prg/python/python-wordcount.md 2

dest/chapters/prg/python/numpy/numpy.md: ../chapters/prg/python/numpy/numpy.md
	../bin/markup-single.py ../chapters/prg/python/numpy/numpy.md 2
	../bin/header.py dest/chapters/prg/python/numpy/numpy.md 2

dest/chapters/prg/python/scipy/scipy.md: ../chapters/prg/python/scipy/scipy.md
	../bin/markup-single.py ../chapters/prg/python/scipy/scipy.md 2
	../bin/header.py dest/chapters/prg/python/scipy/scipy.md 2

dest/chapters/prg/python/scikit-learn/scikit-learn-k-means.md: ../chapters/prg/python/scikit-learn/scikit-learn-k-means.md
	../bin/markup-single.py ../chapters/prg/python/scikit-learn/scikit-learn-k-means.md 2
	../bin/header.py dest/chapters/prg/python/scikit-learn/scikit-learn-k-means.md 2

dest/chapters/prg/python/python-parallel.md: ../chapters/prg/python/python-parallel.md
	../bin/markup-single.py ../chapters/prg/python/python-parallel.md 2
	../bin/header.py dest/chapters/prg/python/python-parallel.md 2

dest/chapters/prg/python/random-forest/random-forest.md: ../chapters/prg/python/random-forest/random-forest.md
	../bin/markup-single.py ../chapters/prg/python/random-forest/random-forest.md 2
	../bin/header.py dest/chapters/prg/python/random-forest/random-forest.md 2

dest/chapters/SECTION/SECTION-DEVTOOLS.md: ../chapters/SECTION/SECTION-DEVTOOLS.md
	../bin/markup-single.py ../chapters/SECTION/SECTION-DEVTOOLS.md 1
	../bin/header.py dest/chapters/SECTION/SECTION-DEVTOOLS.md 1

dest/chapters/linux/refcards.md: ../chapters/linux/refcards.md
	../bin/markup-single.py ../chapters/linux/refcards.md 2
	../bin/header.py dest/chapters/linux/refcards.md 2

dest/chapters/cloud/virtualbox.md: ../chapters/cloud/virtualbox.md
	../bin/markup-single.py ../chapters/cloud/virtualbox.md 2
	../bin/header.py dest/chapters/cloud/virtualbox.md 2

dest/chapters/cloud/vagrant.md: ../chapters/cloud/vagrant.md
	../bin/markup-single.py ../chapters/cloud/vagrant.md 2
	../bin/header.py dest/chapters/cloud/vagrant.md 2

dest/chapters/linux/linux.md: ../chapters/linux/linux.md
	../bin/markup-single.py ../chapters/linux/linux.md 2
	../bin/header.py dest/chapters/linux/linux.md 2

dest/chapters/linux/ssh.md: ../chapters/linux/ssh.md
	../bin/markup-single.py ../chapters/linux/ssh.md 2
	../bin/header.py dest/chapters/linux/ssh.md 2

dest/chapters/linux/ssh-futuresystems.md: ../chapters/linux/ssh-futuresystems.md
	../bin/markup-single.py ../chapters/linux/ssh-futuresystems.md 2
	../bin/header.py dest/chapters/linux/ssh-futuresystems.md 2

dest/chapters/linux/ssh-excerise.md: ../chapters/linux/ssh-excerise.md
	../bin/markup-single.py ../chapters/linux/ssh-excerise.md 2
	../bin/header.py dest/chapters/linux/ssh-excerise.md 2

dest/chapters/git/github.md: ../chapters/git/github.md
	../bin/markup-single.py ../chapters/git/github.md 2
	../bin/header.py dest/chapters/git/github.md 2

dest/chapters/git/gitpullreqest.md: ../chapters/git/gitpullreqest.md
	../bin/markup-single.py ../chapters/git/gitpullreqest.md 3
	../bin/header.py dest/chapters/git/gitpullreqest.md 3

dest/chapters/class/222-a.md: ../chapters/class/222-a.md
	../bin/markup-single.py ../chapters/class/222-a.md 1
	../bin/header.py dest/chapters/class/222-a.md 1

dest/chapters/rest/rest.md: ../chapters/rest/rest.md
	../bin/markup-single.py ../chapters/rest/rest.md 1
	../bin/header.py dest/chapters/rest/rest.md 1

dest/chapters/rest/swagger.md: ../chapters/rest/swagger.md
	../bin/markup-single.py ../chapters/rest/swagger.md 2
	../bin/header.py dest/chapters/rest/swagger.md 2

dest/chapters/rest/swagger-spec.md: ../chapters/rest/swagger-spec.md
	../bin/markup-single.py ../chapters/rest/swagger-spec.md 2
	../bin/header.py dest/chapters/rest/swagger-spec.md 2

dest/chapters/rest/swagger-introspection.md: ../chapters/rest/swagger-introspection.md
	../bin/markup-single.py ../chapters/rest/swagger-introspection.md 2
	../bin/header.py dest/chapters/rest/swagger-introspection.md 2

dest/chapters/rest/swagger-codegen.md: ../chapters/rest/swagger-codegen.md
	../bin/markup-single.py ../chapters/rest/swagger-codegen.md 2
	../bin/header.py dest/chapters/rest/swagger-codegen.md 2

dest/chapters/rest/rest-restful.md: ../chapters/rest/rest-restful.md
	../bin/markup-single.py ../chapters/rest/rest-restful.md 2
	../bin/header.py dest/chapters/rest/rest-restful.md 2

dest/chapters/rest/rest-eve.md: ../chapters/rest/rest-eve.md
	../bin/markup-single.py ../chapters/rest/rest-eve.md 2
	../bin/header.py dest/chapters/rest/rest-eve.md 2

dest/chapters/rest/rest-haetos.md: ../chapters/rest/rest-haetos.md
	../bin/markup-single.py ../chapters/rest/rest-haetos.md 2
	../bin/header.py dest/chapters/rest/rest-haetos.md 2

dest/chapters/rest/rest-eve-extensions.md: ../chapters/rest/rest-eve-extensions.md
	../bin/markup-single.py ../chapters/rest/rest-eve-extensions.md 2
	../bin/header.py dest/chapters/rest/rest-eve-extensions.md 2

dest/chapters/rest/rest-django.md: ../chapters/rest/rest-django.md
	../bin/markup-single.py ../chapters/rest/rest-django.md 2
	../bin/header.py dest/chapters/rest/rest-django.md 2

dest/chapters/prg/github.md: ../chapters/prg/github.md
	../bin/markup-single.py ../chapters/prg/github.md 1
	../bin/header.py dest/chapters/prg/github.md 1

dest/chapters/nist/bdra.md: ../chapters/nist/bdra.md
	../bin/markup-single.py ../chapters/nist/bdra.md 1
	../bin/header.py dest/chapters/nist/bdra.md 1

dest/chapters/ai/ai.md: ../chapters/ai/ai.md
	../bin/markup-single.py ../chapters/ai/ai.md 1
	../bin/header.py dest/chapters/ai/ai.md 1

dest/chapters/SECTION/SECTION-FAQ.md: ../chapters/SECTION/SECTION-FAQ.md
	../bin/markup-single.py ../chapters/SECTION/SECTION-FAQ.md 1
	../bin/header.py dest/chapters/SECTION/SECTION-FAQ.md 1

dest/chapters/faq.md: ../chapters/faq.md
	../bin/markup-single.py ../chapters/faq.md 2
	../bin/header.py dest/chapters/faq.md 2

dest/chapters/SECTION/SECTION-INDEX.md: ../chapters/SECTION/SECTION-INDEX.md
	../bin/markup-single.py ../chapters/SECTION/SECTION-INDEX.md 1
	../bin/header.py dest/chapters/SECTION/SECTION-INDEX.md 1

dest/chapters/index.md: ../chapters/index.md
	../bin/markup-single.py ../chapters/index.md 2
	../bin/header.py dest/chapters/index.md 2

dest/chapters/SECTION/SECTION-REFERENCES.md: ../chapters/SECTION/SECTION-REFERENCES.md
	../bin/markup-single.py ../chapters/SECTION/SECTION-REFERENCES.md 1
	../bin/header.py dest/chapters/SECTION/SECTION-REFERENCES.md 1

